{"schemaVersion":"1.0","appDefinitionTemplate":{"id":"/providers/Microsoft.PowerApps/apps/","type":"Microsoft.PowerApps/apps","tags":{"primaryDeviceWidth":"1366","primaryDeviceHeight":"768","sienaVersion":"31ab2ea7-b6da-458f-9859-aaec116cdc12","deviceCapabilities":"","supportsPortrait":"false","supportsLandscape":"true","primaryFormFactor":"Tablet","publisherVersion":"3.21051.29","minimumRequiredApiVersion":"2.2.0","hasComponent":"false","hasUnlockedComponent":"false","isUnifiedRootApp":"false"},"properties":{"appVersion":"2021-06-15T12:49:29Z","lifeCycleId":"Published","createdByClientVersion":{"major":3,"minor":21051,"build":29,"revision":0,"majorRevision":0,"minorRevision":0},"minClientVersion":{"major":3,"minor":21051,"build":29,"revision":0,"majorRevision":0,"minorRevision":0},"backgroundColor":"rgba(0, 176, 240, 1)","backgroundImageUri":"/6233504695756574024/N3340e623-28ce-42cd-b9bc-2dddbc0c4ff7-logoSmallFile","displayName":"SAP Extracts Accelerator V2","description":"","commitMessage":"","appUris":{"documentUri":{"value":"/6233504695756574024/N6c45c0cd-9060-48b2-8234-261b9715d202-document.msapp"},"imageUris":[]},"createdTime":"0001-01-01T00:00:00Z","lastModifiedTime":"0001-01-01T00:00:00Z","sharedGroupsCount":0,"sharedUsersCount":0,"icons":{"smallIconUri":"/6233504695756574024/N108dcc77-030d-4db6-84ef-f515c8436951-small.png","mediumIconUri":"/6233504695756574024/N1b6be717-4f70-4e5b-9460-21ca3831c0af-medium.png","largeIconUri":"/6233504695756574024/N06eb120b-2fe2-44da-9b69-656a4ff8d3c0-large.png","wideIconUri":"/6233504695756574024/N5118ec2b-8954-4166-a19c-2b37826a95ea-wide.png"},"connectionReferences":{"012c9301-8d13-4bf9-a18b-0f0700c95ed8":{"id":"eba1a609-8497-412e-9aa6-0cefc9fc7553","displayName":"SQL Server","iconUri":"https://connectoricons-prod.azureedge.net/releases/v1.0.1472/1.0.1472.2427/sql/icon.png","dataSources":["EXECUTION_LOG","importFromTemplate","Modules","pipelineStatus","summary","TABLE_COLUMNS","TABLES_HIGH_WATERMARK","TABLES_TEMPLATE","tableStatus","TABLES"],"dependencies":[],"dependents":[],"parameterHints":{},"isOnPremiseConnection":false,"sharedConnectionId":"77cc02a7-82ea-43da-8c94-8a919d1baff8","bypassConsent":false,"dataSets":{"serverppobk3cicushg.database.windows.net,DB":{"dataSources":{"EXECUTION_LOG":{"tableName":"[dbo].[EXECUTION_LOG]"},"importFromTemplate":{"tableName":"[dbo].[importFromTemplate]"},"Modules":{"tableName":"[dbo].[Modules]"},"pipelineStatus":{"tableName":"[dbo].[pipelineStatus]"},"summary":{"tableName":"[dbo].[summary]"},"TABLE_COLUMNS":{"tableName":"[dbo].[TABLE_COLUMNS]"},"TABLES_HIGH_WATERMARK":{"tableName":"[dbo].[TABLES_HIGH_WATERMARK]"},"TABLES_TEMPLATE":{"tableName":"[dbo].[TABLES_TEMPLATE]"},"tableStatus":{"tableName":"[dbo].[tableStatus]"},"TABLES":{"tableName":"[dbo].[TABLES]"}}}},"apiTier":"Premium","isCustomApiConnection":false,"authenticationType":"sqlAuthentication","endpoints":["serverppobk3cicushg.database.windows.net,DB"]}},"databaseReferences":{},"almMode":"Environment","performanceOptimizationEnabled":true,"canConsumeAppPass":true,"executionRestrictions":{"isTeamsOnly":false,"dataLossPreventionEvaluationResult":{"status":"Compliant","lastEvaluationDate":"2020-10-21T16:39:33.62181Z","violationDetails":[]}}},"isAppComponentLibrary":false,"appType":"ClassicCanvasApp","appComponents":[]}}